Dataset; accuracy; f1_score; precision; recall; auc_roc
bpi2013i_converted_selection;0.7812765957446809;0.5564710993481008;0.5939341042437709;0.5360130402816418;0.901786490124848