Dataset; accuracy; f1_score; precision; recall; auc_roc
bpi2012w_converted_selection;0.7444976076555024;0.2626383499070256;0.3448653902049121;0.25947975409936047;0.7163648851480865